Unnamed: 0,timestamp,user_id,song_id,liked,personalized,spotify_popularity,treatment_group
1715075,2023-06-20 03:50:02,3744580,1846428,1,1,83,4
92092,2020-04-12 12:49:15,3728983,1930994,1,1,52,-1
581166,2021-10-03 02:00:50,3738975,702,1,1,69,0
416855,2021-03-26 15:25:30,3732343,198847,1,1,54,0
824544,2022-03-25 04:00:41,3732204,120399,1,1,68,0
1572135,2023-04-16 20:04:28,3744299,52890,1,1,45,4
757131,2022-03-03 22:05:35,3740384,13958,1,0,74,0
1121355,2022-09-14 00:29:22,3742589,5570441,1,1,74,1
219620,2020-05-30 15:51:37,3731107,58259,0,1,44,-1
1450199,2023-02-21 22:18:47,3731419,268194,0,1,44,4
1336258,2022-12-19 03:30:02,3742917,5399919,2,1,87,4
740190,2022-02-24 05:10:35,3732204,136844,1,1,56,0
1306209,2022-12-02 06:22:43,3743749,1774764,0,1,59,2
1332550,2022-12-17 03:05:56,3742687,2504465,0,1,0,4
607001,2021-10-29 00:56:19,3738053,3347,2,1,77,0
857714,2022-04-16 04:15:02,3740207,97364,0,1,49,0
1304493,2022-12-01 16:06:36,3743743,273680,2,1,55,3
1524025,2023-03-24 13:20:52,3741662,4990693,2,1,53,4
144586,2020-05-03 11:07:49,3730862,1767368,0,1,53,-1
1032986,2022-08-12 19:09:34,3739892,1089552,1,1,41,0
1387458,2023-01-16 16:18:44,3741763,127043,1,0,75,4
248097,2020-06-10 17:38:54,3731489,1916926,1,1,0,-1
719665,2022-02-17 19:17:27,3740068,6314,0,1,64,0
706688,2022-02-10 03:39:55,3739293,393161,0,1,33,0
1581537,2023-04-20 02:54:58,3744351,8074126,0,1,59,4
1249101,2022-11-07 20:54:18,3740866,1875807,1,1,59,3
1429901,2023-02-09 22:07:35,3743416,24666,0,0,68,4
1048837,2022-08-20 02:29:15,3742447,2052923,2,2,55,2
1128190,2022-09-15 16:08:09,3741749,5405394,1,1,78,2
744749,2022-02-26 15:29:21,3739887,3701036,0,1,79,0
581888,2021-10-03 21:16:12,3738473,3380485,0,1,75,0
1319593,2022-12-08 22:46:22,3742687,2693,0,1,74,4
1169355,2022-10-03 00:41:15,3742666,1769021,1,1,81,1
457590,2021-05-21 07:34:55,3736409,167459,1,1,36,0
1494506,2023-03-10 18:58:19,3744086,5077027,2,1,63,4
1359097,2023-01-02 00:39:04,3743762,4102897,1,1,56,4
64580,2020-03-28 21:06:04,3729192,3888,0,1,42,-1
778746,2022-03-10 01:58:52,3740645,2611883,1,1,53,0
1415053,2023-02-01 23:00:37,3743950,71450,0,1,36,4
1472030,2023-02-28 20:04:12,3744004,274,2,1,67,4
739181,2022-02-23 18:32:20,3739923,30927,2,1,65,0
287500,2020-07-05 03:50:43,3729405,1782697,1,1,65,-1
322754,2020-08-06 13:16:20,3732256,5025044,2,1,66,-1
1741631,2023-06-28 08:17:48,3737922,5420192,0,1,68,4
896140,2022-05-09 23:38:47,3741501,4666161,0,2,65,0
628599,2021-11-21 08:05:55,3739293,1882767,0,0,34,0
381661,2021-01-07 01:06:26,3733958,4440942,1,1,7,-1
1374054,2023-01-09 20:53:46,3741814,8107293,0,1,49,4
876955,2022-04-29 20:33:16,3741417,2221485,0,1,56,0
781242,2022-03-10 20:12:25,3740674,1805259,1,2,51,0
881905,2022-05-01 22:36:48,3738975,8106001,0,1,28,0
137424,2020-04-30 17:34:24,3729398,5033132,0,1,35,-1
351888,2020-09-27 14:29:30,3732165,1866606,0,1,34,-1
916168,2022-05-28 02:39:57,3738975,26615,0,1,72,0
963274,2022-07-06 20:36:49,3741749,3420059,0,1,18,0
776055,2022-03-09 03:06:28,3740623,3308781,0,1,55,0
347201,2020-09-13 16:05:47,3732154,40751,0,1,67,-1
560570,2021-09-15 16:33:03,3738333,1077,0,1,73,0
333015,2020-08-17 14:07:22,3732165,236709,0,1,34,-1
1369574,2023-01-06 21:02:54,3743484,650510,2,2,83,4
800258,2022-03-17 16:54:01,3740843,5351701,0,1,66,0
1251498,2022-11-09 00:26:04,3742692,1803111,0,1,69,2
310956,2020-07-27 13:39:46,3732286,2608467,0,1,36,-1
218996,2020-05-30 12:41:45,3731147,4175672,1,1,39,-1
1048166,2022-08-19 21:43:44,3742462,398,1,1,75,1
872459,2022-04-27 13:08:59,3737771,1792176,1,1,88,0
1382391,2023-01-14 00:33:08,3742925,1886754,1,1,81,4
760340,2022-03-04 13:28:50,3740431,4118690,1,2,58,0
800043,2022-03-17 16:16:38,3740772,3325262,0,1,67,0
161549,2020-05-08 23:43:21,3730717,811681,0,1,17,-1
518777,2021-08-04 22:25:17,3737984,1774109,1,1,54,0
1200874,2022-10-14 21:19:23,3741814,1829927,0,1,61,3
1004372,2022-07-27 23:48:50,3738975,1783926,0,0,68,0
61686,2020-03-25 14:58:50,3729866,4555752,1,1,62,-1
1510594,2023-03-18 01:14:43,3742588,8168326,1,1,71,4
483730,2021-06-17 13:33:14,3737346,111182,0,1,36,0
572416,2021-09-22 04:07:12,3734766,4175899,0,0,45,0
101234,2020-04-16 18:44:59,3730697,1816608,1,1,44,-1
873781,2022-04-28 09:19:43,3741394,8111372,0,0,41,0
23234,2020-02-07 01:48:21,3729054,1804750,1,1,51,-1
423153,2021-04-07 15:33:39,3731824,5338809,0,1,36,0
1458851,2023-02-22 10:20:25,3743111,5033741,0,1,100,4
1479422,2023-03-05 15:10:23,3741662,1777802,0,1,61,4
441817,2021-05-06 04:02:58,3734766,2708627,0,1,68,0
360386,2020-10-29 22:12:44,3733221,5148795,1,1,22,-1
1229029,2022-10-28 23:00:36,3741834,8080750,0,1,52,2
773054,2022-03-08 00:33:30,3738032,23839,0,1,57,0
38312,2020-02-26 00:15:12,3729398,4181493,1,1,28,-1
858216,2022-04-16 17:35:41,3741297,4157162,1,2,56,0
1528004,2023-03-26 15:01:26,3743097,170354,0,1,69,4
711979,2022-02-13 17:04:13,3739923,3518,2,1,50,0
1755268,2023-07-03 20:25:25,3744647,2469655,0,1,64,4
1461237,2023-02-23 01:26:52,3742503,1771594,0,1,67,4
1162954,2022-09-30 20:37:52,3743206,5452729,0,1,56,3
546770,2021-09-06 05:34:09,3738573,8335,0,1,45,0
818801,2022-03-22 16:07:44,3738975,67049,0,1,8,0
1434541,2023-02-12 21:59:27,3743206,5059249,0,2,0,4
1451680,2023-02-21 23:25:24,3738975,343358,0,0,45,4
100936,2020-04-16 16:28:33,3730373,4587041,1,1,17,-1
242816,2020-06-08 15:28:23,3730809,4347666,0,1,46,-1
563812,2021-09-18 00:35:58,3738801,3518,0,0,50,0
1676102,2023-06-04 15:43:35,3740207,18943,0,0,44,4
999487,2022-07-25 14:52:00,3742093,1329167,0,1,59,0
970064,2022-07-09 03:35:55,3742153,63548,0,1,48,0
1291716,2022-11-26 15:30:55,3743416,2525707,1,1,42,1
269721,2020-06-18 20:30:09,3731810,21824,0,1,72,-1
9377,2020-01-17 16:55:48,3728700,5169534,0,1,52,-1
538793,2021-09-04 03:15:26,3737996,3025384,1,0,61,0
979331,2022-07-13 18:17:30,3742255,110714,1,1,52,0
1524512,2023-03-24 15:14:13,3740866,5416228,0,1,59,4
1278913,2022-11-21 17:59:23,3743610,4059,1,2,66,3
5923,2019-12-30 16:59:48,3728550,1893591,1,1,50,-1
831367,2022-03-28 06:01:47,3741101,3265793,1,1,77,0
1036039,2022-08-15 12:20:24,3739892,289101,1,1,64,0
106064,2020-04-18 20:00:42,3730759,1823339,0,1,68,-1
204067,2020-05-24 17:40:14,3731107,3369747,0,1,26,-1
1596164,2023-04-26 10:05:52,3744283,1895369,1,1,37,4
1376460,2023-01-11 00:51:06,3742701,42170,2,1,64,4
212046,2020-05-27 20:19:16,3731319,81530,0,1,50,-1
353495,2020-10-01 23:09:52,3733012,4115825,0,1,72,-1
719077,2022-02-17 13:43:09,3734766,143711,1,1,65,0
1121172,2022-09-14 00:07:55,3743005,5009459,2,1,1,3
1094266,2022-09-07 23:12:55,3742594,5538991,1,1,82,1
655740,2022-01-06 13:32:43,3739353,2198188,0,1,78,0
173359,2020-05-14 00:43:41,3730897,33204,1,1,55,-1
1214415,2022-10-21 15:32:52,3739717,3858,1,1,71,3
225337,2020-06-01 17:10:41,3731147,162643,1,1,18,-1
314501,2020-07-30 18:51:29,3731843,4491790,1,1,54,-1
548953,2021-09-07 05:08:41,3738609,1758178,1,0,49,0
913175,2022-05-24 03:36:03,3741662,114870,0,1,59,0
1099472,2022-09-09 21:27:08,3742808,1839683,0,0,43,1
1568989,2023-04-15 16:29:17,3744268,410,0,1,58,4
739728,2022-02-24 00:52:00,3740252,2949702,2,2,78,0
1391313,2023-01-19 00:39:20,3742687,6063749,0,1,40,4
515302,2021-08-02 18:39:50,3738080,137,0,1,42,0
491077,2021-07-01 15:52:12,3736735,591,0,1,64,0
1139592,2022-09-19 19:36:32,3742594,140184,1,1,50,1
829630,2022-03-27 04:07:43,3740207,3643500,2,1,16,0
1284245,2022-11-23 08:57:20,3742754,5033103,1,1,100,1
1753098,2023-07-03 03:47:48,3729398,1876706,1,1,64,4
1535065,2023-03-29 20:14:53,3739692,4102516,0,1,80,4
817261,2022-03-22 01:46:54,3740998,1822141,1,2,80,0
290554,2020-07-07 21:56:02,3732180,1710338,1,1,22,-1
1127381,2022-09-15 06:16:21,3742612,266119,1,1,44,2
1159348,2022-09-28 23:36:38,3742589,69371,1,1,58,1
1237666,2022-11-02 20:40:25,3743451,14602,0,1,86,1
494516,2021-07-11 02:07:04,3737760,239489,0,1,50,0
650697,2021-12-28 15:12:02,3734766,4520378,2,1,61,0
680841,2022-01-27 19:21:58,3739805,2912078,0,1,65,0
448906,2021-05-13 15:28:22,3736060,5013742,0,1,19,0
1489571,2023-03-09 01:39:21,3743552,1562,0,1,64,4
536651,2021-08-31 17:28:47,3738334,4260515,0,0,40,0
1272710,2022-11-19 21:28:52,3743541,7506,1,0,71,1
252073,2020-06-12 02:43:38,3731526,1452,0,1,45,-1
892911,2022-05-07 02:41:33,3741454,4113154,0,2,71,0
483884,2021-06-18 02:30:10,3737407,246,2,1,75,0
731422,2022-02-20 16:32:22,3739867,2040699,2,1,23,0
1188167,2022-10-09 23:23:51,3742808,167898,1,1,62,1
473622,2021-06-05 15:31:58,3736859,2118,0,1,70,0
453804,2021-05-18 10:18:39,3736534,69862,0,1,55,0
1328485,2022-12-14 14:20:02,3743747,1836218,1,1,59,4
329150,2020-08-13 02:31:38,3731464,3974451,0,1,36,-1
1607512,2023-05-02 14:29:18,3741810,1837307,1,1,63,4
866527,2022-04-23 04:49:03,3741360,12258,1,1,70,0
673838,2022-01-24 13:33:38,3732204,5326,1,1,78,0
518047,2021-08-04 14:36:42,3738171,938,1,1,67,0
1113622,2022-09-12 04:32:59,3742993,2395,1,0,73,1
1563069,2023-04-13 13:40:20,3744198,1753656,1,1,62,4
1685517,2023-06-08 19:40:23,3742589,13720,1,0,57,4
540006,2021-09-04 07:45:48,3738421,3369270,1,0,88,0
1472662,2023-03-01 01:20:48,3738975,1863266,0,1,66,4
814492,2022-03-21 05:05:04,3740971,2290175,0,1,49,0
876083,2022-04-29 16:09:46,3741307,2408867,0,1,53,0
1570596,2023-04-16 06:23:10,3744272,499277,0,1,47,4
675600,2022-01-25 07:43:10,3739735,5722,2,1,75,0
1724542,2023-06-22 18:50:38,3744464,5406,0,1,77,4
1735601,2023-06-26 04:39:25,3739810,43636,2,0,60,4
1354313,2022-12-30 01:11:28,3743855,1842645,0,1,69,4
545659,2021-09-06 03:20:40,3738387,7392,2,1,78,0
1337275,2022-12-19 17:27:49,3742687,369774,1,1,66,4
262635,2020-06-16 02:20:46,3731319,96928,0,1,32,-1
1199465,2022-10-13 20:53:37,3742701,29386,1,1,64,1
229945,2020-06-03 10:42:42,3731137,5037775,1,1,63,-1
763892,2022-03-05 04:11:17,3740468,6485,0,1,51,0
563018,2021-09-17 12:25:43,3738783,21919,1,0,64,0
77085,2020-04-04 17:35:48,3729398,2732556,1,1,29,-1
1156808,2022-09-28 00:30:23,3742808,2035,1,0,84,1
836738,2022-03-31 12:50:47,3738975,1823910,0,1,45,0
739619,2022-02-23 22:30:03,3739633,1113,2,1,75,0
1446059,2023-02-20 16:36:46,3741763,1764174,1,1,63,4
742811,2022-02-25 14:22:33,3740274,2582,2,2,88,0
1243024,2022-11-04 23:58:42,3731463,4049,0,0,82,3
1448474,2023-02-21 20:54:43,3743568,662072,0,0,69,4
1199602,2022-10-14 00:37:47,3742619,28958,0,1,50,2
204039,2020-05-24 17:38:39,3729405,974112,1,1,19,-1
112530,2020-04-21 13:45:01,3730717,4360044,0,1,52,-1
1247252,2022-11-07 02:09:05,3738975,73643,0,1,56,1
1287323,2022-11-24 17:35:44,3743661,13590,1,0,60,3
158557,2020-05-07 23:25:37,3730841,4714299,0,1,49,-1
1324752,2022-12-12 02:59:45,3743436,39451,2,1,79,4
1559738,2023-04-11 08:17:15,3740866,4567941,0,1,44,4
1277994,2022-11-21 07:27:00,3743596,4110127,1,1,25,1
1238514,2022-11-03 01:07:20,3741814,2415634,1,2,47,3
1751710,2023-07-02 15:14:49,3741810,83988,0,2,62,4
156661,2020-05-07 12:47:33,3731147,1852326,0,1,4,-1
1441736,2023-02-17 19:12:22,3738975,21213,0,1,71,4
734659,2022-02-21 23:39:58,3740218,1459,1,2,77,0
1683812,2023-06-08 00:29:47,3744589,10616,1,1,59,4
1579630,2023-04-19 09:11:34,3744342,5419325,0,1,65,4
769202,2022-03-06 22:29:40,3740543,1806891,0,2,73,0
1549809,2023-04-06 03:26:24,3743566,1831473,2,1,65,4
834322,2022-03-29 17:13:43,3741121,30887,0,1,64,0
1073061,2022-08-29 18:13:59,3742780,10093,0,0,72,1
1000465,2022-07-25 22:01:43,3738975,1837154,0,0,35,0
55715,2020-03-16 14:13:23,3728954,4461901,1,1,49,-1
675339,2022-01-25 06:46:28,3739036,5032665,0,1,48,0
1086019,2022-09-05 03:33:02,3742594,22910,1,1,57,1
1309881,2022-12-04 08:38:25,3741381,57801,0,1,60,3
62004,2020-03-25 19:22:00,3729566,119997,0,1,50,-1
1565620,2023-04-14 03:23:45,3743050,5399920,0,1,76,4
981783,2022-07-15 02:21:19,3742267,681,2,0,63,0
793988,2022-03-15 16:45:54,3739892,644148,1,1,57,0
1163493,2022-09-30 22:29:24,3743213,1835256,2,2,65,2
32858,2020-02-20 17:49:52,3729352,43189,0,1,61,-1
1255537,2022-11-11 05:40:38,3743111,42191,1,1,56,3
913508,2022-05-24 14:39:54,3738975,8083082,0,1,35,0
1474943,2023-03-02 15:00:21,3744007,73455,0,1,42,4
1665617,2023-05-31 02:46:37,3743762,1836322,1,0,75,4
1066888,2022-08-26 02:52:07,3742753,1712,1,1,66,1
1647361,2023-05-22 17:22:23,3744464,5127085,1,1,64,4
894188,2022-05-08 02:20:29,3741461,1828955,0,0,79,0
1599534,2023-04-28 00:11:07,3742589,8087950,1,0,84,4
1006526,2022-07-29 00:26:07,3742386,1830307,0,0,81,0
691499,2022-02-03 03:31:18,3739833,4284195,1,1,37,0
228650,2020-06-02 18:08:08,3731565,4516792,0,1,37,-1
838705,2022-04-01 22:42:24,3741101,25406,0,1,88,0
36163,2020-02-23 21:58:28,3729100,106799,0,1,50,-1
1583857,2023-04-21 04:36:02,3729398,39428,0,1,66,4
1525446,2023-03-25 03:21:53,3738975,5270542,0,1,65,4
7603,2020-01-15 19:28:27,3728700,4997355,0,1,40,-1
642217,2021-12-12 06:24:58,3737996,2586349,1,0,47,0
1406604,2023-01-28 19:47:42,3742914,534,0,1,76,4
1342681,2022-12-23 00:12:40,3743437,3643049,0,1,50,4
951699,2022-06-28 08:07:02,3741952,4362563,0,0,47,0
374646,2020-12-13 15:57:52,3731966,731707,0,1,41,-1
1082279,2022-09-03 19:26:18,3742664,3274535,0,1,63,2
81990,2020-04-07 15:46:32,3730425,142191,0,1,50,-1
1207924,2022-10-18 10:39:49,3743050,32348,0,1,56,2
467182,2021-05-30 04:43:10,3735006,3630628,1,1,24,0
1563949,2023-04-13 21:07:40,3740613,5451357,1,1,71,4
538077,2021-09-03 03:50:38,3736154,2711,1,1,69,0
179190,2020-05-15 23:12:00,3730155,4186070,0,1,52,-1
1618257,2023-05-08 07:49:52,3744417,8206646,0,1,70,4
363672,2020-11-08 06:43:39,3733317,5392419,2,0,27,-1
1275671,2022-11-20 18:46:06,3743536,310443,1,1,66,3
1533187,2023-03-29 02:36:40,3744051,5972520,1,1,0,4
924978,2022-06-08 02:50:26,3732343,1907639,0,1,7,0
712511,2022-02-13 21:43:22,3739956,164022,0,1,8,0
1257084,2022-11-12 00:20:32,3740385,28326,2,1,69,2
588290,2021-10-13 03:11:10,3737996,543,1,1,70,0
20937,2020-02-03 22:51:23,3729100,1822814,1,1,75,-1
1012956,2022-07-31 22:24:50,3742384,3518,0,1,50,0
1328896,2022-12-14 20:43:40,3743416,7732956,1,2,0,4
1098051,2022-09-09 13:04:08,3741814,247013,2,1,36,3
1029239,2022-08-10 12:43:59,3742416,5392652,1,1,100,0
731441,2022-02-20 16:38:59,3738303,1756695,1,1,7,0
1155752,2022-09-27 14:55:10,3742772,5397879,1,1,87,3
1381775,2023-01-13 20:09:18,3743416,8094966,0,1,54,4
1556989,2023-04-10 00:52:20,3742826,3648929,0,1,61,4
779602,2022-03-10 06:27:47,3732343,79299,0,1,45,0
759637,2022-03-04 05:15:49,3740420,320663,0,0,52,0
1302653,2022-11-30 22:29:35,3743736,4161,0,0,68,1
961336,2022-07-05 16:10:21,3742050,8073154,0,1,11,0
224406,2020-06-01 11:42:10,3731640,4097385,1,1,81,-1
786326,2022-03-12 17:34:55,3740722,65724,0,1,50,0
762814,2022-03-04 23:01:55,3738975,964041,0,1,37,0
1614980,2023-05-06 01:30:21,3744112,5057951,0,1,48,4
798673,2022-03-17 07:23:16,3739036,8098973,0,1,54,0
443946,2021-05-08 13:36:11,3736211,3451802,1,1,50,0
1166838,2022-10-02 01:07:21,3743233,450129,0,1,79,1
99518,2020-04-15 21:51:38,3730051,4734257,1,1,0,-1
993805,2022-07-22 06:23:03,3739294,1765093,1,1,62,0
620604,2021-11-13 13:51:30,3739088,5359553,0,0,0,0
713365,2022-02-14 06:47:20,3732343,6143885,0,1,27,0
112915,2020-04-21 15:54:10,3730631,4148006,1,1,51,-1
651968,2021-12-30 14:07:53,3734766,4252083,0,2,54,0
829709,2022-03-27 04:15:04,3740207,28244,0,1,58,0
218346,2020-05-30 03:35:49,3731375,1825602,0,1,45,-1
1406381,2023-01-28 18:30:14,3741763,22410,1,1,28,4
1621460,2023-05-10 04:18:55,3729398,1852668,0,0,41,4
243331,2020-06-08 19:42:51,3729405,302,1,1,88,-1
1050024,2022-08-20 15:04:06,3741810,8073128,0,0,43,2
1399310,2023-01-24 01:44:58,3741662,6208,1,1,66,4
1403153,2023-01-26 16:58:01,3742914,291788,0,1,65,4
1371571,2023-01-08 01:05:59,3743247,4055,2,1,66,4
298666,2020-07-14 23:50:12,3729392,3617426,1,1,75,-1
5615,2019-12-22 20:47:31,3728486,4918089,1,1,29,-1
730737,2022-02-20 06:01:11,3740193,259,1,2,79,0
852080,2022-04-13 12:36:42,3740207,4117396,0,1,56,0
287513,2020-07-05 04:07:11,3730155,66728,0,1,41,-1
1109680,2022-09-11 14:41:23,3742967,2817877,2,1,69,1
977175,2022-07-12 17:22:20,3742221,6491,0,2,84,0
1264236,2022-11-15 19:24:17,3743507,5409104,0,1,82,1
280685,2020-06-28 01:43:49,3731734,4103571,0,1,85,-1
908512,2022-05-18 11:56:46,3740207,4170513,0,0,31,0
1610998,2023-05-03 20:21:39,3741763,8132011,0,1,20,4
1427086,2023-02-07 21:28:59,3743416,4230659,1,1,50,4
1203028,2022-10-15 22:59:22,3742754,7541,0,0,60,1
813852,2022-03-21 00:16:45,3740964,4542311,1,2,60,0
723444,2022-02-18 03:02:44,3740127,30552,1,2,100,0
527495,2021-08-13 21:26:25,3737034,1786027,0,2,75,0
783126,2022-03-11 15:12:56,3736868,4097402,0,1,84,0
559983,2021-09-15 13:54:46,3738473,27431,0,0,57,0
957452,2022-07-02 06:11:53,3740590,5403475,1,1,89,0
534481,2021-08-27 12:31:22,3732204,5038243,1,1,56,0
1491540,2023-03-09 16:41:18,3743416,1774302,0,1,72,4
804911,2022-03-18 19:27:03,3737954,1895706,0,1,51,0
1602199,2023-04-29 04:37:12,3744428,1838916,0,1,67,4
631954,2021-11-25 14:38:11,3738975,5171681,0,1,6,0
1585119,2023-04-21 20:41:54,3744299,8120586,2,2,88,4
780472,2022-03-10 14:59:21,3739892,54033,1,1,7,0
1396405,2023-01-22 02:59:45,3742588,66440,0,1,41,4
1592421,2023-04-25 04:20:53,3729398,1452,1,1,45,4
289364,2020-07-07 03:47:39,3732153,92585,1,1,48,-1
1122952,2022-09-14 10:51:01,3743051,5739,1,0,75,2
1046802,2022-08-19 15:48:04,3742649,7383573,0,2,51,1
1222813,2022-10-25 19:14:06,3741834,157853,1,1,29,2
562998,2021-09-17 11:03:30,3738473,1004,0,1,72,0
958245,2022-07-03 01:37:26,3739892,8121496,1,1,25,0
518542,2021-08-04 17:38:35,3738217,1062,2,1,85,0
1737123,2023-06-26 23:24:20,3742687,1817386,0,1,38,4
982307,2022-07-15 05:45:15,3742182,2776019,0,1,15,0
351116,2020-09-25 02:36:31,3732216,5017751,1,1,4,-1
1215913,2022-10-22 09:39:21,3742619,1901397,1,1,66,2
85875,2020-04-09 13:28:33,3730523,1905347,0,1,52,-1
598164,2021-10-19 23:18:41,3738429,2579662,0,2,81,0
1630041,2023-05-14 19:50:05,3741810,4384150,1,1,63,4
1354411,2022-12-30 01:23:32,3743484,114907,0,1,88,4
1385922,2023-01-15 21:49:49,3742594,748548,1,1,82,4
1540060,2023-04-01 02:20:35,3739398,1762265,0,1,68,4
1360538,2023-01-02 17:23:54,3743416,1907098,0,1,51,4
103997,2020-04-17 22:48:26,3730392,3884,1,1,84,-1
1413294,2023-02-01 04:28:38,3743950,3596,0,1,57,4
1146348,2022-09-22 18:02:45,3743153,2108,2,2,70,2
911502,2022-05-22 01:14:11,3738975,10544,0,1,65,0
544462,2021-09-05 17:20:38,3738250,139162,0,1,55,0
1396471,2023-01-22 03:07:29,3742588,5043227,0,1,72,4
1745609,2023-06-30 02:33:00,3743111,8121715,1,1,89,4
1594386,2023-04-25 20:25:19,3744405,1744,0,1,57,4
299518,2020-07-16 01:50:49,3731739,4598411,0,1,68,-1
470382,2021-06-02 09:24:11,3733611,543,0,1,70,0
732912,2022-02-21 07:47:08,3740131,83759,0,1,47,0
425384,2021-04-12 15:31:08,3735510,8073123,0,0,0,0
1529723,2023-03-27 15:26:35,3744112,12644,0,1,58,4
926465,2022-06-10 13:30:00,3732343,3287741,0,1,39,0
1368258,2023-01-06 03:32:11,3742925,6088157,1,1,77,4
295417,2020-07-12 04:04:12,3732198,3484866,0,1,44,-1
10561,2020-01-19 16:09:42,3728732,5298785,0,1,2,-1
1056587,2022-08-22 14:11:17,3742694,5029260,0,1,56,3
1597762,2023-04-27 03:28:44,3736617,24038,0,1,75,4
571345,2021-09-21 06:23:21,3738808,4318484,0,0,30,0
1356183,2022-12-31 02:23:31,3743484,12538,0,1,11,4
853031,2022-04-13 21:51:10,3741264,2071995,0,1,63,0
918448,2022-05-31 15:24:09,3738975,8104486,0,1,37,0
1463015,2023-02-24 12:09:35,3743416,8120522,0,1,0,4
1097742,2022-09-09 10:59:51,3742675,10680,0,1,79,3
1378308,2023-01-11 23:16:14,3741814,508274,0,1,53,4
1168890,2022-10-02 20:58:46,3743253,1882015,0,1,0,1
473951,2021-06-05 22:52:10,3737037,3784792,0,1,44,0
1369019,2023-01-06 17:42:34,3743880,4154334,1,2,76,4
872042,2022-04-27 09:35:59,3741012,243451,0,1,54,0
1202950,2022-10-15 22:13:29,3741814,118374,0,0,54,3
1750379,2023-07-01 19:52:41,3741699,138365,0,1,40,4
354548,2020-10-07 03:34:21,3731739,4260511,1,1,38,-1
469867,2021-06-02 00:34:38,3736888,1844432,1,1,74,0
1609990,2023-05-03 04:35:39,3740207,8099461,0,1,59,4
504871,2021-07-29 05:19:40,3737771,5025386,1,1,75,0
1640567,2023-05-19 22:58:08,3744515,87442,0,1,52,4
971686,2022-07-10 02:32:49,3741661,1844514,1,1,26,0
116634,2020-04-22 22:18:53,3730729,3862614,0,1,42,-1
1181790,2022-10-07 03:21:28,3739860,3775517,0,0,41,3
1508288,2023-03-17 03:51:59,3743111,8120641,0,2,49,4
1060964,2022-08-23 17:04:38,3741814,55315,1,1,72,3
1561751,2023-04-12 23:48:45,3741834,1804675,0,1,61,4
214892,2020-05-28 23:20:42,3731107,1782742,0,1,64,-1
879021,2022-04-30 17:38:32,3738975,8081625,0,1,57,0
703814,2022-02-08 19:33:39,3739809,7817,0,1,78,0
403513,2021-03-07 23:56:19,3734902,46436,0,1,47,0
435916,2021-04-29 05:26:18,3735952,8073124,1,1,11,0
1128950,2022-09-15 19:35:04,3743074,183738,2,2,87,3
928466,2022-06-13 16:12:37,3741749,1822754,0,1,79,0
792967,2022-03-15 06:35:28,3740783,3331185,0,1,41,0
479413,2021-06-10 17:38:25,3736716,361052,0,1,43,0
1518554,2023-03-21 17:53:58,3744086,44588,2,1,75,4
134455,2020-04-29 15:35:02,3730841,1851966,0,1,35,-1
1166071,2022-10-01 22:01:09,3739860,6456685,1,1,37,3
1732665,2023-06-25 19:11:11,3741814,73338,1,1,52,4
1742859,2023-06-28 21:21:10,3741810,1793501,1,2,77,4
77556,2020-04-05 01:52:02,3730085,4300263,0,1,42,-1
914138,2022-05-25 17:22:36,3739987,5052195,0,1,67,0
869524,2022-04-25 15:23:21,3739892,7950,0,1,64,0
870296,2022-04-26 05:57:47,3739294,4078,1,1,78,0
1592056,2023-04-25 03:38:47,3729398,60044,1,1,69,4
921241,2022-06-03 22:58:35,3738671,3272841,0,1,87,0
532518,2021-08-24 02:15:28,3737851,1819141,0,1,55,0
388220,2021-02-03 23:04:34,3731966,1835776,0,1,52,-1
1461741,2023-02-23 04:46:47,3739962,17907,0,1,57,4
1232319,2022-10-30 16:33:47,3742589,429296,1,0,33,1
175952,2020-05-14 23:28:03,3731245,4169448,0,1,55,-1
1235958,2022-11-02 03:28:47,3742018,185477,0,0,37,1
1622249,2023-05-10 16:16:28,3741763,5033877,1,1,67,4
1611959,2023-05-04 07:39:02,3744438,4729100,2,1,72,4
1016971,2022-08-03 06:42:37,3742440,114435,1,1,64,0
567236,2021-09-19 04:03:53,3738903,4502227,0,1,50,0
1579400,2023-04-19 03:38:29,3744272,8084148,0,1,73,4
1051397,2022-08-21 01:08:26,3742682,462,0,2,87,3
1157757,2022-09-28 12:08:12,3733105,20464,0,1,65,1
1437954,2023-02-15 14:37:54,3738975,8078361,0,1,86,4
111041,2020-04-20 20:44:49,3730462,5065547,0,1,55,-1
1313613,2022-12-05 20:19:19,3742687,401809,0,1,22,4
144097,2020-05-03 04:55:39,3729439,5117019,1,1,39,-1
1431982,2023-02-11 01:42:44,3740385,8098388,1,1,43,4
1082375,2022-09-03 19:36:05,3740924,1993680,1,1,77,2
1589865,2023-04-24 08:00:08,3744272,4338106,0,1,29,4
489172,2021-06-26 23:26:36,3737568,1020,1,1,85,0
1461126,2023-02-23 00:44:57,3742018,156567,1,1,26,4
193217,2020-05-20 13:57:23,3730856,704317,0,1,0,-1
411491,2021-03-19 17:48:59,3732343,2636182,0,1,33,0
775237,2022-03-08 18:58:46,3740434,4107174,0,1,50,0
954163,2022-06-29 22:31:31,3732343,4700202,0,1,29,0
744111,2022-02-26 05:05:40,3732204,4483404,0,1,0,0
1640219,2023-05-19 18:49:49,3744513,1823978,0,0,60,4
1011175,2022-07-31 04:20:50,3742408,5504,2,0,0,0
157127,2020-05-07 14:50:30,3730936,4994812,1,1,27,-1
521773,2021-08-07 04:06:29,3737851,1880980,0,0,52,0
94920,2020-04-13 19:48:35,3729295,5024498,0,1,79,-1
214430,2020-05-28 18:17:17,3731571,63863,0,1,63,-1
701651,2022-02-07 17:15:48,3739990,1844879,0,2,66,0
1733257,2023-06-25 21:39:54,3744464,64590,0,1,45,4
180184,2020-05-16 09:54:00,3731166,42484,1,1,65,-1
402424,2021-03-06 05:41:14,3734766,3461511,0,1,52,0
787762,2022-03-13 01:42:46,3740645,26337,0,1,44,0
544895,2021-09-05 21:57:36,3738556,8073129,0,0,54,0
935407,2022-06-17 04:38:18,3732343,101890,0,1,45,0
1571139,2023-04-16 14:49:03,3744285,4217434,0,1,50,4
341641,2020-08-30 04:25:36,3732216,2722697,0,1,31,-1
699716,2022-02-07 05:34:10,3739293,3568647,0,1,7,0
425030,2021-04-12 01:35:18,3731824,22909,0,1,54,0
577265,2021-09-28 04:04:35,3732343,5586439,1,0,46,0
549345,2021-09-07 10:27:26,3732343,1803480,0,0,84,0
1140851,2022-09-20 11:18:02,3743126,5402246,1,1,83,2
1482514,2023-03-06 21:21:24,3741699,5392621,0,1,75,4
1340457,2022-12-21 13:19:08,3743235,49198,1,1,76,4
864976,2022-04-21 15:38:35,3739068,5397147,1,1,89,0
10937,2020-01-20 14:19:58,3728768,3250258,0,1,46,-1
158331,2020-05-07 20:49:44,3731137,10161,1,1,55,-1
1244819,2022-11-05 22:08:42,3742588,19241,0,1,54,3
1476595,2023-03-03 16:34:06,3741834,4445177,0,1,0,4
1187292,2022-10-09 12:10:03,3741814,5036071,0,1,51,3
77548,2020-04-05 01:51:01,3730085,5035758,0,1,68,-1
303786,2020-07-20 19:15:43,3731748,5007193,0,1,0,-1
1659756,2023-05-28 18:45:39,3744051,353711,1,1,17,4
1672134,2023-06-02 16:48:26,3744464,6726527,1,1,0,4
1260166,2022-11-13 21:05:21,3743416,5892766,1,1,42,1
1018183,2022-08-03 21:29:52,3741699,59679,0,1,44,0
1013168,2022-08-01 00:17:41,3742093,764632,1,1,51,0
221528,2020-05-31 12:02:50,3731197,409557,0,1,16,-1
533499,2021-08-25 12:30:17,3732343,344256,0,0,28,0
1600499,2023-04-28 17:00:30,3744418,5590290,1,1,77,4
1757277,2023-07-04 16:24:26,3743111,8121695,0,1,63,4
792801,2022-03-15 05:04:26,3740782,5731,1,1,73,0
1107460,2022-09-11 03:54:10,3742687,44953,0,1,60,1
365825,2020-11-11 15:27:45,3733185,73419,1,1,65,-1
174950,2020-05-14 17:12:35,3730883,5029226,1,1,60,-1
1226041,2022-10-27 12:01:16,3742049,1848243,0,1,45,2
1011360,2022-07-31 08:47:15,3742411,3403792,2,1,62,0
1650803,2023-05-24 06:07:59,3744530,104878,2,1,59,4
1060490,2022-08-23 14:48:46,3742738,26707,0,1,47,2
460403,2021-05-23 21:04:06,3736626,1758854,1,1,78,0
1366247,2023-01-05 03:07:26,3742808,1809037,2,1,83,4
217964,2020-05-29 23:32:47,3731458,100221,1,1,37,-1
869254,2022-04-25 12:13:43,3740207,2779160,1,1,69,0
272019,2020-06-21 03:41:09,3731895,2602922,1,1,49,-1
47028,2020-03-06 15:42:53,3729439,23540,1,1,67,-1
1730994,2023-06-24 23:52:55,3744575,4099118,0,1,61,4
615750,2021-11-09 10:29:36,3733336,4177146,0,1,63,0
672579,2022-01-23 23:54:57,3739810,2513969,0,1,47,0
1720357,2023-06-21 17:44:48,3744464,1876537,0,1,84,4
81740,2020-04-07 14:30:04,3730119,1845396,0,1,61,-1
833741,2022-03-29 12:03:27,3732204,1840117,1,1,56,0
16534,2020-01-29 16:09:55,3728920,93544,0,1,55,-1
88523,2020-04-10 17:49:49,3730412,4219145,1,1,76,-1
228555,2020-06-02 17:49:23,3731458,256547,1,1,22,-1
449317,2021-05-14 00:14:04,3736228,5514538,0,1,42,0
799156,2022-03-17 12:12:43,3737771,1904439,0,1,49,0
124773,2020-04-25 18:15:37,3729170,4468849,1,1,44,-1
833766,2022-03-29 12:08:38,3732204,4926849,0,1,58,0
700176,2022-02-07 07:28:25,3739973,4137181,2,2,55,0
137758,2020-04-30 18:47:08,3730856,4705441,0,1,63,-1
1203405,2022-10-16 03:16:55,3741166,14400,1,1,77,3
897406,2022-05-10 17:41:28,3741503,8074286,0,1,84,0
1625195,2023-05-11 23:50:52,3740449,541,1,1,75,4
178042,2020-05-15 16:20:02,3730862,3922450,0,1,32,-1
1032202,2022-08-12 03:36:17,3742503,4819957,1,1,36,0
1707829,2023-06-17 05:17:32,3744351,20418,1,1,74,4
1449142,2023-02-21 21:37:30,3739701,1766470,0,1,85,4
478998,2021-06-10 06:42:27,3736716,5223,0,1,72,0
937637,2022-06-18 05:24:58,3739294,11638,1,1,74,0
1507440,2023-03-16 16:31:34,3744084,11246,0,1,70,4
107523,2020-04-19 13:41:47,3730717,4180193,0,1,57,-1
1248340,2022-11-07 09:47:27,3733336,5633989,0,1,27,1
1617094,2023-05-07 14:51:57,3741810,8128729,0,1,46,4
1638488,2023-05-19 02:14:56,3744506,14297,0,0,72,4
1216731,2022-10-22 17:50:56,3741814,274563,0,1,43,3
127328,2020-04-26 20:24:39,3730862,4663769,0,1,58,-1
1147678,2022-09-23 10:51:12,3737992,1028,1,1,67,1
659734,2022-01-09 23:11:42,3739716,3589057,1,1,61,0
1156207,2022-09-27 19:46:58,3742619,69057,1,0,62,2
1695622,2023-06-13 17:28:42,3741232,8168058,0,1,83,4
652269,2021-12-30 23:18:03,3738975,20589,0,1,62,0
1091193,2022-09-06 21:10:06,3742588,207639,1,1,47,3
240371,2020-06-07 15:49:45,3731642,40802,1,1,60,-1
674207,2022-01-24 17:27:21,3739803,2041832,0,1,63,0
167458,2020-05-11 16:41:26,3729379,1848314,0,1,53,-1
1748248,2023-07-01 02:06:04,3743111,169158,0,1,65,4
710483,2022-02-12 14:48:37,3732204,4723548,1,1,38,0
763982,2022-03-05 04:30:11,3740468,4796240,0,2,47,0
395536,2021-02-22 20:18:58,3734521,2250072,0,1,26,0
637327,2021-12-02 10:16:34,3733244,24606,1,1,89,0
913352,2022-05-24 12:59:16,3738975,141648,0,1,55,0
244002,2020-06-09 01:38:49,3731526,14267,0,1,59,-1
1305010,2022-12-01 22:29:18,3731419,210953,2,1,30,1
462865,2021-05-26 01:12:05,3736541,131,0,1,52,0
917100,2022-05-29 15:10:29,3739812,4358414,1,1,53,0
1411843,2023-01-31 18:43:09,3742715,31224,0,0,71,4
1704606,2023-06-16 11:23:34,3741662,51884,2,1,72,4
862782,2022-04-20 02:13:35,3741266,8088056,1,0,76,0
1705216,2023-06-16 19:09:03,3741814,8189942,1,1,57,4
737381,2022-02-22 22:44:05,3740234,3522662,2,1,15,0
551289,2021-09-08 04:39:18,3738381,400,0,1,68,0
1267393,2022-11-17 03:48:06,3738975,8135752,0,1,22,1
228627,2020-06-02 18:02:45,3729405,72498,1,1,47,-1
1733231,2023-06-25 21:36:22,3744464,26765,0,1,76,4
364598,2020-11-09 21:05:26,3731843,3334817,1,1,66,-1
892756,2022-05-07 00:37:31,3732165,7434979,1,1,65,0
627246,2021-11-20 15:44:05,3737783,4115604,0,1,60,0
1687788,2023-06-10 00:24:56,3743453,2261389,2,1,71,4
1348040,2022-12-26 14:44:57,3741214,9238,1,1,61,4
1025707,2022-08-07 19:12:12,3741985,1932496,0,0,90,0
276805,2020-06-25 03:37:50,3731869,2436553,1,1,54,-1
29506,2020-02-16 13:22:51,3729243,192875,0,1,53,-1
34885,2020-02-22 06:28:37,3729186,66146,0,1,46,-1
34067,2020-02-21 15:05:44,3729034,4468856,0,1,64,-1
666765,2022-01-20 17:40:10,3738744,191423,0,1,50,0
1391022,2023-01-18 21:39:40,3743416,6506935,1,1,87,4
335194,2020-08-20 07:34:31,3732731,4288572,1,1,41,-1
611827,2021-11-04 15:03:02,3732665,4102728,0,1,56,0
350719,2020-09-24 04:02:49,3731458,1924920,1,1,55,-1
609075,2021-10-31 19:20:27,3738517,1908365,0,0,43,0
851000,2022-04-12 22:07:50,3741249,1785884,1,0,81,0
1398928,2023-01-23 21:17:09,3742202,8084674,1,1,42,4
1331697,2022-12-16 14:32:17,3743747,7830132,1,1,0,4
859944,2022-04-18 01:37:11,3741309,3330878,0,1,31,0
463680,2021-05-26 22:23:48,3734766,72905,0,1,52,0
526689,2021-08-12 20:52:23,3738287,1033,2,1,75,0
1260563,2022-11-14 00:59:55,3743097,5718,0,1,90,2
382416,2021-01-09 15:39:05,3729581,4138721,1,1,44,-1
1002485,2022-07-26 21:49:41,3742162,3266529,0,0,89,0
729698,2022-02-19 22:14:58,3738303,141253,1,1,51,0
79185,2020-04-06 00:52:34,3730377,2520070,0,1,23,-1
1462192,2023-02-23 17:37:44,3743111,3518424,2,2,66,4
1168074,2022-10-02 17:04:29,3743247,480,1,0,76,3
1513251,2023-03-19 06:02:48,3740200,25303,1,1,57,4
1089972,2022-09-06 11:58:20,3742714,6100,1,1,82,1
518284,2021-08-04 16:34:58,3738216,938,0,1,67,0
1758532,2023-07-05 05:00:52,3744580,8120527,1,1,72,4
863968,2022-04-20 23:01:34,3741346,5317,1,1,78,0
141101,2020-05-02 02:57:15,3730883,2503527,1,1,39,-1
1315994,2022-12-07 03:11:16,3742589,8139207,0,1,29,4
150166,2020-05-05 09:00:29,3730817,4855353,0,1,51,-1
330585,2020-08-14 14:00:19,3732286,100045,0,1,59,-1
1678316,2023-06-05 14:01:12,3741763,8130818,0,1,61,4
975202,2022-07-11 18:34:52,3742144,4130387,0,1,54,0
1746501,2023-06-30 09:05:23,3744417,8172261,1,2,56,4
953267,2022-06-29 14:52:57,3742007,5034240,0,0,71,0
243126,2020-06-08 18:14:31,3731319,4169439,1,1,47,-1
1515348,2023-03-20 02:13:38,3742589,4710040,1,1,55,4
540096,2021-09-04 08:11:03,3738426,3784792,1,1,44,0
1689213,2023-06-10 21:39:29,3744575,4288574,0,1,60,4
1715552,2023-06-20 04:33:16,3744580,4236424,1,1,82,4
1207083,2022-10-18 02:36:28,3743111,3892928,2,1,67,3
981763,2022-07-15 02:18:46,3742267,3710,0,0,65,0
774103,2022-03-08 07:20:25,3740200,210855,1,1,65,0
1181897,2022-10-07 03:32:00,3742589,4690089,0,0,49,1
1664285,2023-05-30 16:23:37,3741749,125985,0,1,50,4
148629,2020-05-04 19:07:24,3730852,4153041,0,1,43,-1
720279,2022-02-17 19:55:21,3740079,2404,0,1,59,0
827684,2022-03-26 09:01:36,3740866,5384178,1,1,55,0
474100,2021-06-06 01:09:51,3737046,20657,0,1,77,0
387531,2021-02-01 06:06:03,3731966,5390567,0,1,13,-1
387186,2021-01-31 05:14:46,3731966,5836132,0,1,41,-1
87555,2020-04-10 09:49:17,3729933,1805946,0,1,69,-1
794367,2022-03-15 18:02:11,3740494,251828,0,2,77,0
1155052,2022-09-27 03:32:19,3742732,4191449,2,1,76,2
545314,2021-09-06 02:22:58,3738566,144,0,1,67,0
1387001,2023-01-16 07:00:13,3740385,9275,1,2,72,4
138438,2020-05-01 00:42:20,3730839,1147,1,1,74,-1
1549924,2023-04-06 05:23:05,3743050,26344,0,1,57,4
773176,2022-03-08 02:07:34,3740590,7133,1,0,79,0
379381,2021-01-01 05:31:45,3731966,5085066,0,1,0,-1
1564617,2023-04-14 01:38:15,3731843,3901287,0,1,46,4
653285,2022-01-01 19:25:37,3739671,6985598,0,0,76,0
448626,2021-05-13 06:31:48,3735810,4197289,0,1,60,0
985608,2022-07-17 20:52:09,3742164,4689270,1,1,76,0
408384,2021-03-15 21:00:23,3734556,4440942,1,1,7,0
41231,2020-02-29 01:29:15,3729308,730038,0,1,30,-1
1198711,2022-10-13 18:36:35,3738230,3500438,0,1,66,1
1033250,2022-08-12 22:45:43,3737154,4658318,0,1,69,0
786150,2022-03-12 16:15:39,3740719,2062444,0,1,60,0
475833,2021-06-07 19:47:16,3736184,1814554,1,1,69,0
403839,2021-03-08 06:11:22,3731966,5061351,0,1,28,0
389888,2021-02-09 19:41:13,3731966,27998,0,1,0,-1
651585,2021-12-30 00:09:31,3738975,4886,0,1,61,0
165125,2020-05-10 14:33:25,3730856,1767760,0,1,63,-1
1124501,2022-09-14 17:52:56,3743055,7971,0,0,46,2
866963,2022-04-23 09:47:44,3741361,1584,0,1,66,0
1054958,2022-08-22 01:44:02,3742164,598,1,1,76,2
1692243,2023-06-12 17:50:39,3744464,4546140,1,1,43,4
1442945,2023-02-18 02:44:21,3741814,694,0,1,78,4
1205313,2022-10-17 00:44:31,3743208,1836606,0,1,58,1
1014035,2022-08-01 14:54:41,3742422,158604,2,1,77,0
1030574,2022-08-11 04:21:42,3742499,15027,1,1,88,0
747087,2022-02-27 08:01:33,3739293,8483,0,1,57,0
236927,2020-06-06 02:24:44,3729405,5040466,1,1,9,-1
1503412,2023-03-14 18:19:50,3741763,1814333,1,1,57,4
205440,2020-05-25 10:28:48,3731453,908,0,1,54,-1
770408,2022-03-07 05:14:54,3732204,136950,1,1,45,0
19851,2020-02-03 12:20:41,3728954,1851442,1,1,46,-1
1017972,2022-08-03 18:37:36,3739892,18549,1,1,77,0
277951,2020-06-25 13:19:59,3730809,4143784,0,0,47,-1
1706592,2023-06-16 22:59:17,3729398,37395,1,1,59,4
1512286,2023-03-18 21:34:41,3744034,4110408,0,1,70,4
905640,2022-05-16 03:22:09,3739701,21297,0,1,52,0
101131,2020-04-16 17:56:06,3730462,18124,0,1,69,-1
1153525,2022-09-26 06:56:41,3742705,17070,2,1,70,3
1490602,2023-03-09 06:41:07,3744070,193219,0,1,34,4
1414724,2023-02-01 22:01:13,3743950,1860099,1,1,100,4
1567452,2023-04-14 21:24:22,3744211,1769279,0,2,67,4
1746641,2023-06-30 09:38:47,3742133,5346286,1,1,69,4
1567184,2023-04-14 18:50:42,3744259,1857122,0,0,82,4
1483726,2023-03-07 01:59:55,3739398,6417,0,0,55,4
1678639,2023-06-05 19:37:44,3744351,116273,1,1,58,4
1048873,2022-08-20 02:36:02,3742447,591,1,1,64,2
124578,2020-04-25 17:07:49,3730887,5799,0,1,66,-1
1197682,2022-10-13 05:47:33,3743050,37318,0,1,41,2
643950,2021-12-15 17:14:23,3739144,1777801,1,1,61,0
83241,2020-04-08 08:01:26,3730450,540251,1,1,65,-1
221680,2020-05-31 13:42:24,3731170,150923,1,1,32,-1
1176843,2022-10-05 10:43:49,3742914,39240,0,1,75,1
631144,2021-11-24 03:19:07,3739088,4301727,0,1,55,0
1712922,2023-06-19 12:36:49,3741996,6875,1,2,59,4
1515093,2023-03-20 01:11:57,3744127,7103,1,0,57,4
1501068,2023-03-13 15:56:34,3742687,8132440,0,1,86,4
340870,2020-08-28 14:48:20,3731843,4219492,0,1,57,-1
402987,2021-03-07 05:53:10,3734766,1811608,0,1,53,0
937405,2022-06-18 00:43:30,3739294,5008048,0,1,1,0
1142134,2022-09-20 22:33:43,3743135,42442,0,0,75,3
197598,2020-05-22 11:20:10,3730862,4157877,0,1,36,-1
104741,2020-04-18 12:20:24,3730147,473389,1,1,70,-1
397377,2021-02-24 13:33:32,3731966,4595773,0,1,45,0
715001,2022-02-15 03:12:30,3736735,24374,0,1,60,0
994883,2022-07-22 18:10:09,3742126,5623691,0,1,60,0
710847,2022-02-12 22:35:06,3739478,3236009,0,1,43,0
1368446,2023-01-06 06:25:04,3741814,7179525,0,1,72,4
50176,2020-03-09 19:27:22,3729091,3636,1,1,59,-1
1217077,2022-10-22 19:19:36,3742701,7344961,1,1,41,1
1571864,2023-04-16 18:49:19,3744154,3602272,2,1,88,4
712004,2022-02-13 17:06:44,3739923,5036348,0,1,74,0
1458201,2023-02-22 09:48:28,3736534,1774107,0,1,54,4
18024,2020-01-31 04:24:38,3729011,198912,0,1,54,-1
1246064,2022-11-06 05:26:52,3742666,4647168,1,1,52,1
1517942,2023-03-21 15:03:23,3744137,79464,1,1,68,4
281551,2020-06-28 10:52:07,3731587,99148,1,1,34,-1
1212303,2022-10-20 12:11:28,3743343,1569,0,1,70,1
288989,2020-07-06 17:51:53,3730789,300466,0,1,84,-1
497384,2021-07-15 15:56:25,3736735,4104659,0,1,41,0
195946,2020-05-21 14:54:31,3731118,3082,1,1,60,-1
1361135,2023-01-02 22:38:07,3732665,5300251,1,2,63,4
56723,2020-03-17 21:06:07,3729312,66839,1,1,39,-1
575548,2021-09-26 04:37:21,3739044,2074,2,1,75,0
1489830,2023-03-09 02:33:12,3744045,1856762,0,1,75,4
1117549,2022-09-12 22:27:09,3742984,2420,0,1,67,1
771728,2022-03-07 18:10:40,3740570,515,2,1,75,0
662053,2022-01-12 15:54:43,3738744,3470424,0,1,50,0
130486,2020-04-28 00:13:57,3730852,87861,0,1,53,-1
653899,2022-01-02 21:22:23,3732165,26635,1,1,61,0
1355450,2022-12-30 21:43:17,3741662,1890301,1,1,78,4
266515,2020-06-17 08:26:07,3731319,260545,1,1,0,-1
1509621,2023-03-17 16:45:09,3741699,7206782,0,1,45,4
1020641,2022-08-04 21:46:33,3742458,8111374,0,1,79,0
298451,2020-07-14 14:21:43,3731489,5025604,1,1,37,-1
873879,2022-04-28 10:08:10,3741394,4427171,1,2,88,0
1046955,2022-08-19 16:04:44,3738952,241729,1,0,26,2
95776,2020-04-14 04:52:08,3730137,4142724,0,1,54,-1
983306,2022-07-15 23:19:52,3742254,1755170,1,1,79,0
509513,2021-07-31 23:28:05,3738066,48675,1,1,72,0
1573935,2023-04-17 10:44:09,3744313,541,2,1,75,4
35366,2020-02-22 22:33:28,3728856,4285514,0,1,32,-1
184111,2020-05-17 14:21:13,3731306,39444,0,1,61,-1
1715380,2023-06-20 04:03:13,3742687,135452,1,1,68,4
502491,2021-07-25 12:40:07,3737458,5025697,0,1,69,0
1641821,2023-05-20 13:14:48,3744476,8175924,1,1,56,4
179982,2020-05-16 05:59:33,3730791,4375962,1,1,14,-1
924834,2022-06-08 02:21:37,3732343,3020384,0,1,38,0
1426638,2023-02-07 16:24:00,3743097,8130739,0,1,57,4
590019,2021-10-15 06:26:20,3733244,5050996,2,2,52,0
687851,2022-01-31 17:24:23,3736735,2657953,0,1,28,0
782357,2022-03-11 05:32:15,3740687,1815611,1,1,44,0
219722,2020-05-30 16:09:33,3731319,4690089,0,1,49,-1
1277755,2022-11-21 05:05:15,3743493,8073491,2,1,79,3
309465,2020-07-26 04:38:39,3730155,4741594,0,1,68,-1
362907,2020-11-07 05:20:55,3733310,3538436,1,1,44,-1
864059,2022-04-21 02:07:07,3738975,4670649,0,1,81,0
1534326,2023-03-29 14:32:45,3743097,8091013,0,1,39,4
697367,2022-02-06 21:52:54,3739947,1786135,0,1,48,0
440145,2021-05-04 17:28:22,3736038,5346646,1,1,18,0
382783,2021-01-11 05:37:08,3729581,1874456,1,1,45,-1
1641762,2023-05-20 10:45:46,3744525,8092019,1,1,69,4
1230650,2022-10-29 18:43:49,3743423,42170,1,1,64,2
529668,2021-08-17 17:24:02,3737965,4274707,1,0,26,0
709562,2022-02-12 02:01:04,3739646,5414828,0,1,43,0
1433739,2023-02-12 12:51:52,3738975,189814,0,1,45,4
1089496,2022-09-06 05:09:44,3742838,4607428,0,1,34,3
421893,2021-04-05 01:37:28,3735067,895985,0,1,49,0
1032087,2022-08-12 01:00:13,3742363,7024,2,0,60,0
289839,2020-07-07 10:29:45,3731968,2408867,1,1,53,-1
103362,2020-04-17 17:45:44,3730551,96118,0,1,42,-1
73615,2020-04-02 18:46:12,3729379,4436032,1,1,28,-1
682780,2022-01-28 07:44:35,3739877,2085,1,1,76,0
1224242,2022-10-26 14:48:45,3742692,2755618,0,1,34,2
91377,2020-04-12 01:43:38,3729294,4195079,0,1,30,-1
1530965,2023-03-28 13:48:59,3744034,8101096,0,1,62,4
1389574,2023-01-17 23:32:16,3742472,8073478,0,1,79,4
1301712,2022-11-30 13:34:13,3739258,1165915,0,1,48,3
1154219,2022-09-26 19:14:00,3742687,49807,1,1,48,1
1654158,2023-05-25 19:55:53,3744464,2242327,1,1,55,4
172742,2020-05-13 19:14:39,3731006,3472167,1,1,36,-1
251155,2020-06-11 20:09:07,3728954,90190,1,1,48,-1
1174104,2022-10-04 07:13:58,3742619,4496,1,1,61,2
1203719,2022-10-16 09:59:47,3742914,2619596,1,1,50,1
222511,2020-05-31 18:43:42,3731326,2547361,0,1,0,-1
1618328,2023-05-08 12:46:09,3741763,2148291,1,1,58,4
1656604,2023-05-26 20:49:44,3744352,400136,0,1,53,4
1534490,2023-03-29 15:10:21,3743416,4096878,0,1,53,4
362495,2020-11-06 18:07:24,3733072,5046190,0,1,50,-1
1248101,2022-11-07 07:21:43,3742925,1821633,1,1,73,3
199508,2020-05-23 02:07:39,3731238,50672,0,1,65,-1
795884,2022-03-16 06:36:02,3740552,1961257,2,1,77,0
1130802,2022-09-16 07:41:29,3742838,24569,0,1,63,3
211168,2020-05-27 13:33:48,3731574,3345463,0,1,77,-1
49482,2020-03-09 05:05:25,3729313,4155635,0,1,12,-1
765438,2022-03-05 17:32:19,3740487,1028,1,1,67,0
1458166,2023-02-22 09:48:28,3737103,1774107,0,1,54,4
1732458,2023-06-25 16:30:52,3741699,34271,1,1,83,4
1696976,2023-06-13 23:55:27,3742772,4133262,0,1,67,4
25236,2020-02-10 07:29:05,3729187,1762787,0,1,78,-1
1244218,2022-11-05 17:30:08,3742608,1891415,0,1,48,1
192618,2020-05-20 05:52:17,3730581,1815628,0,1,43,-1
95199,2020-04-13 21:55:23,3730646,4043,1,1,71,-1
1341729,2022-12-22 03:59:31,3741814,8102340,1,1,78,4
915429,2022-05-26 18:34:20,3738975,6013300,0,1,52,0
1599399,2023-04-27 23:25:21,3740613,1802543,2,1,60,4
116638,2020-04-22 22:19:05,3730729,90171,0,1,43,-1
1005160,2022-07-28 13:10:54,3740207,436129,0,1,66,0
509545,2021-07-31 23:30:49,3738065,157,1,1,66,0
208740,2020-05-26 15:05:36,3730581,3982045,0,1,27,-1
1415251,2023-02-02 00:11:39,3742687,1837926,0,1,74,4
369646,2020-11-24 18:02:13,3731739,6719,2,1,69,-1
54173,2020-03-14 06:34:03,3729313,2822166,1,1,33,-1
421187,2021-04-03 19:32:13,3735067,2242120,1,1,29,0
530383,2021-08-19 04:11:34,3734766,2367,0,1,73,0
978549,2022-07-13 11:06:41,3741045,5455352,0,0,42,0
724564,2022-02-18 10:56:37,3740143,10324,0,0,53,0
126184,2020-04-26 12:38:42,3730852,36335,0,1,64,-1
431187,2021-04-22 21:58:11,3731824,3096840,0,1,70,0
401773,2021-03-05 18:18:45,3734772,122557,0,1,53,0
433875,2021-04-26 06:16:13,3735783,5222517,0,1,45,0
1312035,2022-12-05 05:12:58,3743436,1804311,0,1,60,4
1036308,2022-08-15 12:36:31,3739892,5359,1,1,69,0
1470194,2023-02-27 21:58:42,3738250,21532,0,1,62,4
104030,2020-04-17 23:50:02,3730155,1984678,0,1,49,-1
538717,2021-09-04 03:05:46,3738380,1925591,0,0,48,0
144873,2020-05-03 15:12:47,3730856,2405642,0,1,53,-1
218365,2020-05-30 03:36:54,3731375,192134,0,1,32,-1
64947,2020-03-28 22:31:59,3729375,1874481,0,1,47,-1
642190,2021-12-12 05:04:50,3734766,20509,0,1,51,0
227278,2020-06-02 09:26:15,3731319,4155845,1,1,65,-1
1488929,2023-03-08 21:21:28,3744080,13353,1,1,59,4
1170973,2022-10-03 12:49:10,3742687,22779,1,1,64,1
1405403,2023-01-28 02:27:46,3737922,35576,0,1,39,4
319022,2020-08-04 00:07:22,3732530,33973,0,1,60,-1
844571,2022-04-07 20:05:25,3741166,3113,0,1,63,0
1001091,2022-07-26 04:06:10,3742164,1836218,0,0,59,0
643914,2021-12-15 17:01:41,3738744,5024428,0,0,61,0
300491,2020-07-17 04:09:09,3730155,5108474,0,1,26,-1
1331172,2022-12-16 04:16:09,3738975,1107,0,1,86,4
1730019,2023-06-24 21:21:58,3743441,388875,0,0,47,4
322507,2020-08-06 06:55:26,3732216,1864369,1,1,40,-1
329902,2020-08-13 17:35:00,3732246,13806,0,1,39,-1
21366,2020-02-04 17:08:59,3729110,4110952,1,1,70,-1
478229,2021-06-09 21:25:52,3736716,2204,0,1,55,0
1512778,2023-03-19 01:41:00,3744070,49927,0,1,60,4
1634438,2023-05-16 21:23:17,3744476,1804402,0,1,63,4
1029169,2022-08-10 12:37:26,3741699,955,0,1,64,0
930369,2022-06-15 22:31:21,3735756,8456,0,1,70,0
1285208,2022-11-23 17:09:55,3743644,184964,1,2,65,2
160551,2020-05-08 17:16:06,3731170,5103,1,1,79,-1
1222925,2022-10-25 20:06:39,3743357,2633361,0,1,72,3
182917,2020-05-17 03:42:25,3731308,1903064,1,1,56,-1
1094927,2022-09-08 05:41:25,3742848,2032561,1,1,41,1
1603797,2023-04-30 04:07:20,3729398,5859443,1,1,59,4
1178932,2022-10-06 02:43:31,3742826,12573,0,1,83,3
1306120,2022-12-02 05:33:26,3743730,1754921,0,0,100,3
508744,2021-07-31 21:02:05,3738046,5031706,0,1,81,0
791272,2022-03-14 14:44:26,3739892,24777,0,1,53,0
1638518,2023-05-19 02:33:13,3729398,3675853,1,1,63,4
311246,2020-07-27 22:02:38,3731748,203656,0,1,37,-1
345709,2020-09-09 04:21:42,3730155,1915013,0,1,32,-1
373440,2020-12-08 03:09:53,3733604,13576,0,1,43,-1
1040891,2022-08-18 17:29:53,3742536,127487,0,0,39,0
724121,2022-02-18 06:00:59,3740093,1040,0,1,73,0
389160,2021-02-06 04:17:28,3731739,6579,2,1,36,-1
229640,2020-06-03 02:18:06,3731375,564012,0,1,23,-1
20722,2020-02-03 22:20:50,3729091,176716,0,1,47,-1
1540293,2023-04-01 07:30:12,3744112,5456884,0,1,42,4
825425,2022-03-25 14:14:33,3738744,141920,0,1,23,0
496591,2021-07-14 16:34:30,3737824,242,1,1,69,0
963314,2022-07-06 21:17:52,3742058,7259,0,2,100,0
212660,2020-05-28 00:43:45,3729439,4146417,1,1,0,-1
1380541,2023-01-13 00:39:13,3743441,2394,2,1,76,4
835898,2022-03-30 18:32:08,3740866,4193174,1,2,37,0
306705,2020-07-23 15:26:49,3732256,1775578,1,1,56,-1
250507,2020-06-11 17:05:56,3730809,5024499,0,1,53,-1
1551640,2023-04-07 04:02:37,3739916,7506,1,1,71,4
146617,2020-05-04 01:26:13,3730829,1925139,1,1,36,-1
712852,2022-02-14 02:46:30,3738975,3679279,0,1,0,0
159379,2020-05-08 04:22:39,3729170,48933,0,1,62,-1
1719027,2023-06-21 12:52:51,3744575,3902058,0,1,64,4
449823,2021-05-14 11:15:58,3732343,1831292,1,1,43,0
1085622,2022-09-05 00:14:50,3742462,2892,0,0,68,1
323794,2020-08-07 07:14:41,3732586,256272,0,1,43,-1
1526409,2023-03-25 17:04:36,3743111,5439126,0,1,71,4
1356612,2022-12-31 04:59:43,3739293,1768734,0,1,61,4
1377611,2023-01-11 15:24:18,3743689,44286,0,1,82,4
567552,2021-09-19 05:15:12,3738807,2998098,0,0,77,0
289276,2020-07-07 03:27:16,3732019,1896139,0,1,41,-1
1343090,2022-12-23 04:05:36,3740621,4276521,0,1,64,4
1098683,2022-09-09 18:57:20,3742619,4209157,1,1,84,2
576788,2021-09-27 15:37:19,3738947,6232,1,1,78,0
591281,2021-10-16 21:15:36,3739159,6046,1,0,81,0
1520296,2023-03-22 06:32:48,3740866,1914845,1,1,65,4
1085004,2022-09-04 20:04:18,3742820,4740231,1,0,84,1
255983,2020-06-13 19:51:05,3731453,126750,0,1,51,-1
337091,2020-08-23 04:11:59,3731966,20284,0,1,44,-1
1093529,2022-09-07 17:53:16,3742738,3079394,0,2,75,2
1492109,2023-03-09 22:01:10,3744086,11174,0,1,70,4
1218362,2022-10-23 18:23:26,3741814,13528,0,1,69,3
915757,2022-05-27 08:29:30,3738905,5455352,0,0,42,0
687716,2022-01-31 13:30:00,3732204,1841960,0,1,52,0
1681205,2023-06-06 15:24:50,3738975,8195070,0,1,59,4
1330408,2022-12-15 17:06:46,3740385,1839082,1,1,83,4
1133723,2022-09-17 03:28:49,3742687,137624,0,2,54,1
1111722,2022-09-11 22:01:40,3742946,4112095,2,0,72,1
617950,2021-11-11 00:54:09,3737996,1813180,1,1,57,0
498689,2021-07-19 00:42:58,3737034,3577975,0,1,69,0
904773,2022-05-15 11:38:18,3738975,38505,0,1,38,0
291834,2020-07-08 17:50:23,3731458,4479594,1,1,30,-1
846027,2022-04-09 21:03:25,3739068,146956,1,0,39,0
669620,2022-01-23 18:12:30,3739795,1578,1,1,79,0
699977,2022-02-07 06:51:01,3739293,4133256,0,1,54,0
870878,2022-04-26 16:43:08,3741391,4100881,1,2,87,0
941658,2022-06-20 23:20:03,3741920,1520,2,2,80,0
1485293,2023-03-07 20:13:15,3744068,1839082,0,1,83,4
479241,2021-06-10 15:38:55,3732165,4239042,0,1,56,0
12225,2020-01-21 21:00:46,3728699,36335,1,1,64,-1
931308,2022-06-16 12:06:12,3741799,1856,1,0,74,0
1690596,2023-06-11 18:44:42,3742687,5528148,0,1,54,4
464926,2021-05-27 14:34:19,3736087,4100539,0,1,45,0
1626272,2023-05-12 16:54:04,3740207,28770,0,1,61,4
929538,2022-06-15 06:46:44,3741745,3063,0,1,57,0
322203,2020-08-06 00:55:23,3732594,4704612,1,1,80,-1
1102865,2022-09-10 11:35:43,3742912,4710543,0,0,46,3
180127,2020-05-16 09:40:11,3730862,8806,0,1,40,-1
25500,2020-02-10 13:29:22,3729168,5052409,1,1,40,-1
1730240,2023-06-24 21:45:57,3744509,5088623,0,1,68,4
331433,2020-08-15 16:45:40,3729439,4666023,1,1,39,-1
1068334,2022-08-26 20:27:44,3742594,5406064,1,1,49,1
791769,2022-03-14 20:18:13,3740772,1756518,2,2,75,0
228200,2020-06-02 15:44:47,3731642,4130381,1,1,49,-1
832076,2022-03-28 14:41:25,3740878,2469646,0,1,75,0
1652945,2023-05-25 10:18:23,3744086,4702100,0,1,59,4
1403155,2023-01-26 16:58:27,3742914,5392548,1,1,98,4
404712,2021-03-09 14:24:26,3732165,4152059,0,1,8,0
552830,2021-09-09 02:35:05,3738654,17638,0,0,80,0
18836,2020-01-31 22:28:46,3729034,3507970,1,1,46,-1
1657181,2023-05-27 02:44:05,3737922,4664863,0,1,73,4
12895,2020-01-22 09:20:03,3728813,1931703,1,1,67,-1
1265657,2022-11-16 12:29:23,3740866,1589,1,2,68,3
1335469,2022-12-18 21:22:08,3743423,4112095,0,1,72,4
927792,2022-06-12 19:59:11,3738975,365181,0,1,5,0
53658,2020-03-13 18:13:48,3729375,5054193,0,1,35,-1
1596359,2023-04-26 12:02:14,3744112,223430,0,1,43,4
533706,2021-08-25 19:42:03,3732165,8277,0,1,51,0
1626675,2023-05-13 00:52:41,3744147,5019183,0,1,59,4
613213,2021-11-06 13:42:49,3732204,1878906,2,1,78,0
1365310,2023-01-04 19:47:02,3743493,160241,2,1,65,4
234410,2020-06-05 01:38:28,3731375,4155620,0,1,14,-1
391960,2021-02-13 16:53:09,3734379,4589817,0,1,56,-1
1590598,2023-04-24 15:22:08,3743590,1750572,1,1,78,4
1662758,2023-05-29 22:39:27,3740207,8190719,0,1,46,4
1121622,2022-09-14 02:11:39,3742925,3063,1,1,57,3
399754,2021-03-02 05:16:41,3731966,209164,0,1,44,0
773938,2022-03-08 05:29:05,3740597,84600,2,1,56,0
1413900,2023-02-01 12:01:34,3742808,6129345,0,1,75,4
342105,2020-08-31 03:42:33,3730789,64336,0,1,30,-1
1048559,2022-08-19 22:46:31,3734422,1851452,1,1,32,3
387763,2021-02-02 12:24:58,3734207,4691248,0,1,33,-1
1372972,2023-01-08 21:53:39,3743437,1056310,2,1,66,4
1166320,2022-10-01 23:13:23,3743235,3324342,0,1,75,1
1325234,2022-12-12 08:52:22,3743812,2204878,0,1,34,4
59508,2020-03-21 21:02:19,3729792,3701036,1,1,79,-1
1442660,2023-02-18 01:23:45,3742917,2363135,2,1,88,4
1086314,2022-09-05 06:48:01,3742675,5851452,1,1,45,3
1467688,2023-02-26 17:48:21,3743436,50912,2,1,83,4
1248609,2022-11-07 13:47:40,3740131,73688,1,1,43,2
550915,2021-09-08 00:59:47,3738623,2987,0,1,57,0
788557,2022-03-13 08:29:08,3740702,3417348,2,1,21,0
27745,2020-02-13 08:53:10,3729242,4156508,1,1,50,-1
1240148,2022-11-03 18:37:52,3740866,5414814,0,1,37,3
1663757,2023-05-30 12:56:32,3744464,1840988,0,0,46,4
333678,2020-08-18 10:15:45,3732586,4133080,0,1,60,-1
459259,2021-05-22 19:08:41,3736008,359838,0,1,58,0
811197,2022-03-20 05:01:28,3740900,1804546,0,1,76,0
567425,2021-09-19 04:53:06,3738910,8073153,0,0,69,0
1039011,2022-08-17 12:30:54,3737154,4015,0,1,65,0
1707262,2023-06-17 02:11:32,3729398,346182,1,1,68,4
536391,2021-08-31 03:01:12,3738068,5572182,0,0,53,0
1673269,2023-06-03 05:19:31,3744476,133075,2,1,62,4
13669,2020-01-22 19:28:30,3728754,7215,0,1,45,-1
941010,2022-06-20 16:46:25,3732343,3688713,0,1,0,0
1334273,2022-12-18 00:40:20,3742018,13072,1,1,52,4
922376,2022-06-04 19:52:20,3738975,30642,0,1,60,0
1706182,2023-06-16 21:31:10,3742305,3218,1,1,80,4
556319,2021-09-11 15:20:42,3736735,114602,0,1,45,0
946384,2022-06-24 05:06:09,3741859,2718699,2,1,45,0
26684,2020-02-12 18:30:09,3728802,154920,0,1,51,-1
961406,2022-07-05 16:25:57,3742050,8108251,0,0,0,0
348521,2020-09-18 02:34:44,3728954,1861454,1,1,53,-1
727358,2022-02-19 05:05:34,3732204,5225679,1,1,60,0
1054202,2022-08-21 22:40:42,3742694,35889,1,2,65,3
197492,2020-05-22 04:58:28,3730581,2702249,0,1,32,-1
1090368,2022-09-06 14:59:33,3742254,5722,0,0,75,2
1328530,2022-12-14 14:59:24,3743821,3021,1,1,77,4
1415474,2023-02-02 00:46:10,3743950,8075845,0,1,81,4
821881,2022-03-24 00:33:55,3739892,1530,0,1,57,0
1373860,2023-01-09 18:18:49,3743493,1872285,0,0,80,4
1116755,2022-09-12 20:19:58,3742872,27229,1,1,65,1
1544593,2023-04-03 13:53:52,3744086,3329058,0,2,60,4
668906,2022-01-23 16:43:55,3739786,3272841,0,1,87,0
588702,2021-10-13 10:44:13,3738473,94009,0,1,35,0
442979,2021-05-07 10:31:43,3736228,1903702,0,1,65,0
557246,2021-09-12 07:51:56,3738381,5261121,0,0,48,0
177552,2020-05-15 12:09:03,3731189,1831797,0,1,25,-1
276041,2020-06-25 01:45:06,3729222,45649,0,1,34,-1
1177600,2022-10-05 17:49:07,3743239,3806723,0,1,66,1
1036319,2022-08-15 12:38:42,3742536,3813,2,0,79,0
1749889,2023-07-01 17:48:45,3744154,4696581,1,1,56,4
51070,2020-03-10 17:04:46,3729513,913374,0,1,32,-1
1482272,2023-03-06 19:30:02,3742687,6651,1,1,79,4
1312555,2022-12-05 07:45:13,3743484,505803,1,2,45,4
1229776,2022-10-29 08:50:43,3742754,5243126,0,1,65,1
462765,2021-05-25 19:15:50,3736028,5121133,0,1,51,0
1373286,2023-01-09 02:53:00,3742482,73824,1,2,72,4
460487,2021-05-23 21:52:50,3736052,46384,0,1,76,0
598784,2021-10-20 05:52:39,3737950,5218271,1,0,77,0
533307,2021-08-25 02:21:49,3736735,2575666,0,0,44,0
864570,2022-04-21 11:48:49,3740207,1883437,1,1,68,0
312195,2020-07-28 16:09:56,3732179,55037,0,1,69,-1
1094938,2022-09-08 05:42:56,3742848,1829781,1,0,60,1
1041152,2022-08-18 18:02:03,3742578,18090,1,0,46,0
1215259,2022-10-22 02:46:49,3743408,3309636,0,1,80,1
671357,2022-01-23 20:54:43,3739828,355513,0,1,46,0
1718600,2023-06-21 07:49:34,3743111,23839,0,1,57,4
356060,2020-10-14 15:02:15,3731718,180951,0,1,42,-1
198754,2020-05-22 20:00:53,3731319,3415878,0,1,61,-1
21103,2020-02-03 23:36:41,3729107,4275930,0,1,43,-1
1054686,2022-08-21 23:36:11,3742694,49115,0,1,50,3
114869,2020-04-22 06:36:14,3730845,77956,0,1,41,-1
1002621,2022-07-27 01:48:16,3741699,1804071,0,1,0,0
313247,2020-07-29 13:13:13,3731750,4163876,0,1,52,-1
